[{"id":1,"especialidad":"Peluquero","nombreProfesional":"Juan Jose","apellidoProfesional":"Gonzalez","precioServicio":"3000","diasDisponibles":"Lunes a Jueves","horarioDisponible":"09.00-15.00hs.","mail":"juanjosegonzalez@gmail.com","telefono":"47392204","cantidadPacientes":"5"},
{"id":2,"especialidad":"Manicura","nombreProfesional":"Juana","apellidoProfesional":"Urrich","precioServicio":"3100","diasDisponibles":"Lunes a Viernes","horarioDisponible":"10.00-15.00hs.","mail":"jurrich@gmail.com","telefono":"49957384","cantidadPacientes":"6"},
{"id":3,"especialidad":"Manicura","nombreProfesional":"Manuela","apellidoProfesional":"Sanchez","precioServicio":"1200","diasDisponibles":"Martes a Sabados","horarioDisponible":"09.00-19.00hs.","mail":"sanchezm@gmail.com","telefono":"43679276","cantidadPacientes":"9"},
{"id":4,"especialidad":"Estilista","nombreProfesional":"Juan","apellidoProfesional":"Olivera","precioServicio":"3300","diasDisponibles":"Miercoles a Domingos","horarioDisponible":"10.00-17.00hs.","mail":"jolivera@gmail.com","telefono":"46399783","cantidadPacientes":"8"},
{"id":5,"especialidad":"Podologa","nombreProfesional":"Josefina","apellidoProfesional":"Alberdi","precioServicio":"2600","diasDisponibles":"Lunes a Miercoles","horarioDisponible":"11.00-18.00hs.","mail":"jalberdi@gmail.com","telefono":"47884849","cantidadPacientes":"7"},
{"id":6,"especialidad":"Cosmetologa","nombreProfesional":"Mia","apellidoProfesional":"Bustamante","precioServicio":"5400","diasDisponibles":"Lunes a Viernes","horarioDisponible":"09.00-20.00hs.","mail":"miabustamante@gmail.com","telefono":"49978426","cantidadPacientes":"9"}
]
